Workbook

Sheet 요약 대시보드
B2: 프로젝트 기능 정의 및 진척도 요약
B3: Project Functional Requirements & Progress Dashboard
B5: 프로젝트명 | C5: 플랫폼팀 업무 포탈
B6: 문서버전 | C6: 1.0
B7: 작성일자 | C7: 2026-10-21
B8: 총괄 PM | C8: 안성진
B10: 진행 상태별 현황 | E10: 총 기능 수 | F10: 완료 건수 | G10: 진행중 건수 | H10: 미착수/보류
B11: 상태 | C11: 기능 수 | E11: =COUNTA(기능목록서!B6:B100) | F11: =COUNTIF(기능목록서!J6:J100, "완료") | G11: =COUNTIF(기능목록서!J6:J100, "개발중") + COUNTIF(기능목록서!J6:J100, "테스트") + COUNTIF(기능목록서!J6:J100, "설계중") | H11: =COUNTIF(기능목록서!J6:J100, "미착수") + COUNTIF(기능목록서!J6:J100, "보류")
B12: 완료 | C12: =COUNTIF(기능목록서!$J$6:$J$100, "완료")
B13: 테스트 | C13: =COUNTIF(기능목록서!$J$6:$J$100, "테스트")
B14: 개발중 | C14: =COUNTIF(기능목록서!$J$6:$J$100, "개발중")
B15: 설계중 | C15: =COUNTIF(기능목록서!$J$6:$J$100, "설계중")
B16: 미착수 | C16: =COUNTIF(기능목록서!$J$6:$J$100, "미착수")
B17: 보류 | C17: =COUNTIF(기능목록서!$J$6:$J$100, "보류")
B19: 우선순위별 현황
B20: 우선순위 | C20: 기능 수
B21: 긴급 (최우선) | C21: =COUNTIF(기능목록서!$G$6:$G$100, "긴급")
B22: 상 (높음) | C22: =COUNTIF(기능목록서!$G$6:$G$100, "상")
B23: 중 (보통) | C23: =COUNTIF(기능목록서!$G$6:$G$100, "중")
B24: 하 (낮음) | C24: =COUNTIF(기능목록서!$G$6:$G$100, "하")

Sheet 기능목록서
A2: 프로젝트 상세 기능목록서 (Functional Requirements)
A5: No | B5: 기능 ID | C5: 대분류 | D5: 중분류 | E5: 소분류 / 기능명 | F5: 상세 기능 정의 / 요구사항 | G5: 우선순위 | H5: 난이도 | I5: 담당자 | J5: 진행상태 | K5: 진척률(%) | L5: 목표완료일 | M5: 실제완료일 | N5: 비고 / 이슈사항
A6: 1 | B6: F-AUTH-001 | C6: 인증·사용자 | D6: 권한 모델 | E6: 권한·식별 모델 적용 | F6: 소유자 검사(보고류·To-Do), username 식별자·이름 매핑, EXTERNAL 배포 차단, 단계 완료 권한, 비밀번호 변경 강제. L1 10절 ①②④ 결정 구현 | G6: 상 | H6: 상 | I6: 안성진 | J6: 테스트 | K6: 0.9 | L6: 2026-10-21 | N6: L3 F-AUTH-001. R-001~011 구현·운영 배포 완료(2026-10-21), 수동 검증 5건 미실시
A7: 2 | B7: F-AUTH-002 | C7: 인증·사용자 | D7: 로그인 | E7: JWT 로그인 | F7: username/password 로 JWT(HS256, 24h) 발급. 비활성 사용자 차단(#19 수정) | G7: 상 | J7: 완료 | K7: 1 | N7: 운영 중 (현행분석 2026-10-16 기준). 화면 /login
A8: 3 | B8: F-AUTH-003 | C8: 인증·사용자 | D8: 로그인 | E8: 비밀번호 변경·강제 변경 | F8: 본인 비밀번호 변경. 초기화 직후 mustChangePassword 면 /change-password 로 강제 이동, API 는 403 PASSWORD_CHANGE_REQUIRED | G8: 상 | J8: 완료 | K8: 1 | N8: 운영 중. 강제 로직은 F-AUTH-001 R-007·R-010
A9: 4 | B9: F-AUTH-004 | C9: 인증·사용자 | D9: 계정 관리 | E9: 사용자 관리 | F9: 계정 생성(임시 비밀번호 메일), 역할 4종(ADMIN·MANAGER·MEMBER·EXTERNAL) 부여, 활성/비활성, 이력 있는 사용자는 비활성화 안내 | G9: 상 | J9: 완료 | K9: 1 | N9: 운영 중. 화면 /admin/users. EXTERNAL=요청자 계정 (L1 ④)
A10: 5 | B10: F-AUTH-005 | C10: 인증·사용자 | D10: 계정 관리 | E10: 협력사 계정 발급 위임 | F10: MEMBER 가 EXTERNAL(요청자) 계정을 직접 발급 | G10: 상 | J10: 완료 | K10: 1 | N10: 운영 중. L1 ④ 결정으로 유지
A11: 6 | B11: F-SYS-001 | C11: 운영시스템 마스터 | D11: 기준 정보 | E11: 운영시스템·서브시스템 관리 | F11: 운영시스템(현재 2개, 추가 예정)과 서브시스템 등록·수정, Redmine 프로젝트 키·Webex 룸 연결 | G11: 상 | J11: 완료 | K11: 1 | N11: 운영 중. 화면 /admin/systems, API /api/systems 18개
A12: 7 | B12: F-SYS-002 | C12: 운영시스템 마스터 | D12: 기준 정보 | E12: 서버 관리 | F12: 서브시스템별 서버 등록. 배포 단계(DeployStep) 의 원천. 삭제 시 참조 검사(#20 수정) | G12: 상 | J12: 완료 | K12: 1 | N12: 운영 중
A13: 8 | B13: F-SYS-003 | C13: 운영시스템 마스터 | D13: 기준 정보 | E13: 시스템 담당자 관리 | F13: 시스템 × 사용자 담당자 지정. 요청·배포 상태 전환 권한의 근거 (EXTERNAL 은 무시) | G13: 상 | J13: 완료 | K13: 1 | N13: 운영 중
A14: 9 | B14: F-CR-001 | C14: 변경 요청 | D14: 등록 | E14: 변경 요청 등록·첨부 | F14: 운영시스템·서브시스템 선택, 내용 작성, 첨부(Base64 업로드·blob 다운로드). 번호 자동 채번(#4 수정) | G14: 상 | J14: 완료 | K14: 1 | N14: 운영 중. 화면 /requests. EXTERNAL 은 등록·조회·본인 제출만
A15: 10 | B15: F-CR-002 | C15: 변경 요청 | D15: 처리 | E15: 변경 요청 상태 전환(승인·완료) | F15: 상태 전환표에 따른 승인·반려·완료. 권한 = 해당 시스템 담당자(MEMBER) 또는 ADMIN/MANAGER | G15: 상 | J15: 완료 | K15: 1 | N15: 운영 중. 고정 테스트 F-FIX-001 에서 도입
A16: 11 | B16: F-CR-003 | C16: 변경 요청 | D16: 연동 | E16: Redmine 일감 연결 | F16: 요청 등록 시 Redmine 일감 생성, 수정 시 일감 갱신. 실패 시 FAILED 기록 후 진행 | G16: 상 | J16: 완료 | K16: 1 | N16: 운영 중. 호출 정책은 변경 요청 영역 소관 (L1 ⑦)
A17: 12 | B17: F-DR-001 | C17: 배포 요청 | D17: 등록 | E17: 배포 요청 등록·일감 선택 | F17: 시스템·서브시스템 선택, Redmine 일감 검색·선택, 배포 유형(RELEASE 등), 상위 배포(parentDrId) 연결 | G17: 상 | J17: 완료 | K17: 1 | N17: 운영 중. 화면 /deploys (1,294줄). EXTERNAL 은 메뉴·API 모두 불가
A18: 13 | B18: F-DR-002 | C18: 배포 요청 | D18: 처리 | E18: 배포 요청 승인·상태 전환 | F18: 승인·반려·완료. 권한 규칙을 변경 요청과 동일하게(#15 수정), 거부 시 403 | G18: 상 | J18: 완료 | K18: 1 | N18: 운영 중. F-AUTH-001 R-005·R-006 반영
... A21: 16 | B21: F-DR-005 | C21: 배포 요청 | D21: 연동 | E21: 배포 Webex 알림 | F21: 상태 변경·단계 완료·전체 완료 시 시스템 Webex 룸에 알림. 실패는 warn 로 삼킴 | G21: 상 | J21: 완료 | K21: 1 | N21: 운영 중
A22: 17 | B22: F-INV-001 | C22: 인벤토리 | E22: 수주·제안 아이템 관리 | F22: 수주/제안 아이템 등록·수정·삭제·목록. 대시보드 집계 원천 | G22: 중 | J22: 완료 | K22: 1 | N22: 운영 중. 화면 /inventory
A23: 18 | B23: F-MM-001 | C23: 회의록 | E23: 회의록 작성·공유 | F23: 회의일·참석자·내용·액션아이템 기록. 팀 공동 편집(누구나 수정, L1 ① 예외). 작성자 이름 표시 | G23: 중 | J23: 완료 | K23: 1 | N23: 운영 중. 화면 /reports/meeting
A24: 19 | B24: F-WR-001 | C24: 주간보고 | D24: 작성 | E24: 개인 주간보고 | F24: 주차별 이번주·다음주 항목 작성, 항목마다 중점과제·업무단위 매핑. 수정·삭제·단건 조회는 작성자 또는 관리자 | G24: 중 | J24: 완료 | K24: 1 | N24: 운영 중. 화면 /reports/weekly (1,141줄). F-AUTH-001 R-001·R-009
A25: 20 | B25: F-WR-002 | C25: 주간보고 | D25: 작성 | E25: 통합 주간보고 | F25: 개인 보고를 모아 팀 통합 보고 생성·수정 (ADMIN/MANAGER 전용). 인쇄 화면 포함 | G25: 중 | J25: 완료 | K25: 1 | N25: 운영 중. 인쇄 화면은 SDK 미적용 잔여
A26: 21 | B26: F-WR-003 | C26: 주간보고 | D26: 알림 | E26: 주간보고 미제출 리마인더 | F26: 스케줄러가 미제출자에게 Webex DM 발송 | G26: 중 | J26: 완료 | K26: 1 | N26: 운영 중. WeeklyReportReminderScheduler
A27: 22 | B27: F-WR-004 | C27: 주간보고 | D27: 연동 | E27: 주간보고 ↔ To-Do 연동 | F27: To-Do 작업 로그(workLogs)에서 이번 주 기록을 가져와 중점과제별로 매핑. 주간보고는 매핑·코멘트 위주, 실제 진행은 To-Do 로 관리 | G27: 중 | J27: 미착수 | K27: 0 | N27: HANDOVER 다음 작업 후보 2. 설계 메모만 있고 L2·L3 없음 → 첫 L2(A-06-2) 작성 대상
A28: 23 | B28: F-DC-001 | C28: 일일점검 | E28: 운영시스템 일일점검 보고 | F28: 시스템 담당자가 일자별 점검 상태(3종) 수동 보고. 수정·삭제는 보고자 또는 관리자. 경로 중복 결함(#1) 수정 | G28: 중 | J28: 완료 | K28: 1 | N28: 운영 중. 화면 /reports/daily
A29: 24 | B29: F-DC-002 | C29: 일일점검 | E29: 일일점검 자동화 | F29: 시스템 상태를 자동 수집해 점검 보고 생성 (CLAUDE.md 업무 요건 5 '향후 자동화 예정') | G29: 중 | J29: 미착수 | K29: 0 | N29: 요건 문장만 존재. L2 없음
A30: 25 | B30: F-FIN-001 | C30: 손익 | E30: 월별 매출·지출 관리 | F30: 월별 매출/지출 기록 등록·수정, 월 집계(MonthlySummary) 조회. 대시보드 집계 원천 | G30: 중 | J30: 완료 | K30: 1 | N30: 운영 중. 화면 /finance
A31: 26 | B31: F-TASK-001 | C31: 과제·업무단위·To-Do | D31: 중점과제 | E31: 연간 중점과제 관리 | F31: 연도별 과제, 수준(팀·담당부서·담당자), 분기별 계획·실적·달성률·사유. ADMIN/MANAGER 전용 | G31: 중 | J31: 완료 | K31: 1 | N31: 운영 중. 화면 /key-tasks
A32: 27 | B32: F-TASK-002 | C32: 과제·업무단위·To-Do | D32: 업무단위 | E32: 업무단위 관리 | F32: 과제 하위 업무단위(유형 5·상태 3). 팀 공용(누구나 수정, L1 ① 예외). 중점과제 화면 탭 | G32: 중 | J32: 완료 | K32: 1 | N32: 운영 중
A33: 28 | B33: F-TASK-003 | C33: 과제·업무단위·To-Do | D33: To-Do | E33: To-Do 칸반 | F33: 상태 5·우선순위 3, 체크 항목·링크·협업자·작업 로그(JSON). 담당자·협업자 또는 관리자만 수정, 협업자는 읽기. 과제별 필터 | G33: 중 | J33: 완료 | K33: 1 | N33: 운영 중. 화면 /todos (721줄). sourceId 는 L1 ⑥ 결정으로 폐기(분류 태그만 유지)
A34: 29 | B34: F-TASK-004 | C34: 과제·업무단위·To-Do | D34: 실적 | E34: 과제 실적 집계 탭 | F34: 담당자 → 과제 → 업무단위 → To-Do 사슬로 실적 집계 | G34: 중 | J34: 완료 | K34: 1 | N34: 운영 중. PerformanceTab
A35: 30 | B35: F-MENU-001 | C35: 메뉴 권한 | E35: 역할별 메뉴 권한 | F35: 역할 4 × 메뉴 키 12 매트릭스 조회·수정(PUT 은 ADMIN/MANAGER). 사용자 관리 화면 탭. 라우트 가드는 PrivateRoute 1개 | G35: 중 | J35: 완료 | K35: 1 | N35: 운영 중. 조회 실패 시 전부 노출은 보류(#16)
A36: 31 | B36: F-INTG-001 | C36: 알림·외부 연동 | D36: 공지 | E36: Webex 공지 발송 | F36: 관리자가 기본 룸 공지 또는 사용자 DM 발송 | G36: 중 | J36: 완료 | K36: 1 | N36: 운영 중. 화면 /admin/notifications
A37: 32 | B37: F-INTG-002 | C37: 알림·외부 연동 | D37: 어댑터 | E37: Redmine·Webex·메일 클라이언트 | F37: Redmine 일감 검색·생성·수정·버전, Webex 룸/DM, SMTP 메일. '언제 보내나'는 호출 영역 요건 (L1 ⑦) | G37: 중 | J37: 완료 | K37: 1 | N37: 운영 중. 기존 문제: API 키 쿼리스트링, trust-all TLS, 메일 실패 로그 없음(#5 수정)
A38: 33 | B38: F-INTG-003 | C38: 알림·외부 연동 | D38: 연동 | E38: 레드마인 일감 관리 포탈 UI 대체 | F38: 레드마인 웹 대신 포탈에 일감 관리 + 간트 화면 구현, 데이터는 레드마인 DB 유지. API 경유 vs DB 직접 미결정 | G38: 하 | H38: 상 | J38: 보류 | K38: 0 | N38: 2026-10-14 사용자 보류. 결정 시 L1 1.3 Out of Scope(Redmine 대체 안 함) 개정 필요
A39: 34 | B39: F-AI-001 | C39: AI 기능 | E39: AI 어시스턴트 채팅·에이전트 | F39: AI 서버(사설망) 채팅·에이전트 화면. 포탈은 화면 + 프록시 설정까지 (L1 ⑧) | G39: 하 | J39: 보류 | K39: 0.8 | N39: 사내망 전용·운영 미노출 (VITE_AI_ENABLED 미설정, L1 ③). 화면 /ai (770줄)
A40: 35 | B40: F-AI-002 | C40: AI 기능 | E40: RAG 문서·지식베이스·프롬프트 화면 | F40: AI 서버의 문서 적재·지식베이스·프롬프트 관리 화면 | G40: 하 | J40: 보류 | K40: 0.8 | N40: 운영 미노출. /ai/documents, /ai/knowledge, /ai/prompts
A41: 36 | B41: F-AI-003 | C41: AI 기능 | E41: AI 운영 노출(프록시 분기 + 인증) | F41: 운영 nginx 에 AI 경로 분기, AI 서버 JWT 검증(C 방식), FE 헤더 전달 | G41: 하 | H41: 상 | J41: 보류 | K41: 0 | N41: 착수 트리거: RAG 민감 자료 적재 또는 운영 노출 요구. AI 서버 L1 (⑧)
A42: 37 | B42: F-DASH-001 | C42: 대시보드 | E42: 종합 대시보드 | F42: 변경·배포 요청, 운영시스템, 회의록, 일일점검, 인벤토리, 손익 집계 (타 영역 API 7개 호출) | G42: 중 | J42: 완료 | K42: 1 | N42: 운영 중. 화면 / (415줄)
A43: 38 | B43: F-FIX-001 | C43: 공통(횡단) | D43: 결함 수정 | E43: 현행 결함 일괄 수정 (6건) | F43: 현행분석서 12절 결함 #1 일일점검 경로, #4 채번, #5 메일 실패 로그, #19 비활성 차단, #20 서버 삭제 검사, #22 사용자 삭제 안내. BE 첫 테스트 7케이스 도입 | G43: 상 | H43: 하 | I43: 안성진 | J43: 완료 | K43: 1 | L43: 2026-10-20 | M43: 2026-10-20 | N43: L3 F-FIX-001, REQ-2026-001. 운영 배포·검증 완료 (app.jar 교체 함정 기록)

Sheet 변경 이력
A2: 문서 변경 이력 (Change History)
A3: 기능목록서의 추가·수정·삭제 내역을 기록합니다. 변경 시 요약 대시보드의 문서버전도 함께 갱신하세요.
A5: No | B5: 변경일자 | C5: 버전 | D5: 변경구분 | E5: 대상 기능 ID | F5: 변경 내용 | G5: 변경 사유 | H5: 요청자 | I5: 작성자 | J5: 승인자 | K5: 비고
A6: =IF(B6="","",ROW()-5) -> 1 | B6: 2026-10-21 | C6: 1.0 | D6: 신규 | E6: - | F6: 기능목록서 최초 작성 — L1 14개 영역(A-06 분할 반영) + 공통(횡단) 1개를 대분류로, 현행분석서 7·8절과 L3 2건, HANDOVER 다음 작업 후보에서 기능 38행 도출 | G6: 현행 분석·L1 10절 ①~⑧ 결정 완료, PM 보고용 목록 필요 | H6: 안성진 | I6: AI (rsp-mgmt-funclist) | J6: 안성진 | K6: 담당자·난이도·일정은 문서에 근거가 있는 L3 2건만 채움
A7: =IF(B7="","",ROW()-5)
A8: =IF(B8="","",ROW()-5)
A9: =IF(B9="","",ROW()-5)
A10: =IF(B10="","",ROW()-5)
A11: =IF(B11="","",ROW()-5)
A12: =IF(B12="","",ROW()-5)
A13: =IF(B13="","",ROW()-5)
A14: =IF(B14="","",ROW()-5)
A15: =IF(B15="","",ROW()-5)
A16: =IF(B16="","",ROW()-5)
A17: =IF(B17="","",ROW()-5)
A18: =IF(B18="","",ROW()-5)
... A36: =IF(B36="","",ROW()-5)

Sheet 설정 및 코드
A1: 구분 | B1: 우선순위 | C1: 진행상태 | D1: 난이도 | E1: 대분류 | F1: 변경구분
B2: 긴급 | C2: 미착수 | D2: 상 | E2: 인증·사용자 | F2: 신규
B3: 상 | C3: 설계중 | D3: 중 | E3: 운영시스템 마스터 | F3: 수정
B4: 중 | C4: 개발중 | D4: 하 | E4: 변경 요청 | F4: 삭제
B5: 하 | C5: 테스트 | E5: 배포 요청 | F5: 보류
C6: 완료 | E6: 인벤토리 | F6: 범위변경
C7: 보류 | E7: 회의록
E8: 주간보고
E9: 일일점검
E10: 손익
E11: 과제·업무단위·To-Do
E12: 메뉴 권한
E13: 알림·외부 연동
E14: AI 기능
E15: 대시보드
E16: 공통(횡단)
